Test_ID,raw_row_index,raw_target,prediction,absolute_error,dataset_partition,prediction_artifact,prediction_artifact_hash,CP7_report_value,CP7_1_report_value,resolved_value,discrepancy_cause
TRN-0381,7,20.8262,20.8166,0.0096,Development,artifacts/regression/oof_predictions.csv,c94058af2def2513,Target 20.8262 / Pred 20.8166,Target 24.5100 / Pred 24.5412,Target 20.8262 / Pred 20.8166,CP7 report matched raw artifact. CP7.1 report text rendered incorrect manually typed figures.
TRN-0434,64,51.9073,43.0581,8.8492,Development,artifacts/regression/oof_predictions.csv,c94058af2def2513,Target 51.9073 / Pred 43.0581,Target 18.2200 / Pred 18.1905,Target 51.9073 / Pred 43.0581,CP7 report matched raw artifact. CP7.1 report text rendered incorrect manually typed figures.
TRN-0087,38,20.3176,20.3024,0.0152,Development,artifacts/regression/oof_predictions.csv,c94058af2def2513,Target 20.3176 / Pred 20.3024,Target 22.1000 / Pred 22.8115,Target 20.3176 / Pred 20.3024,CP7 report matched raw artifact. CP7.1 report text rendered incorrect manually typed figures.
TRN-0533,43,23.5153,22.565,0.9503,Locked Holdout,artifacts/regression/holdout_predictions.csv,9779505760875686,Target 23.5153 / Pred 30.7953,Target 19.5000 / Pred 19.9821,Target 23.5153 / Pred 22.5650,CP7 report used stale mock model pred (30.7953). CP7.1 text rendered unverified numbers (19.5000). Resolved to exact artifact values (Target 23.5153 / Pred 22.5650).
TRN-0140,5,22.9154,21.2694,1.646,Development,artifacts/regression/oof_predictions.csv,c94058af2def2513,Target 22.9154 / Pred 21.2694,Target 31.2000 / Pred 30.1795,Target 22.9154 / Pred 21.2694,CP7 report matched raw artifact. CP7.1 report text rendered incorrect manually typed figures.
TRN-0762,247,57.0971,55.9729,1.1242,Locked Holdout,artifacts/regression/holdout_predictions.csv,9779505760875686,Target 57.0971 / Pred 55.9729,Target 41.5000 / Pred 41.3110,Target 57.0971 / Pred 55.9729,CP7 report matched raw artifact. CP7.1 report text rendered incorrect manually typed figures.
TRN-0112,723,15.6204,14.9685,0.6519,Development,artifacts/regression/oof_predictions.csv,c94058af2def2513,Target 15.6204 / Pred 14.9685,Target 15.1000 / Pred 15.0812,Target 15.6204 / Pred 14.9685,CP7 report matched raw artifact. CP7.1 report text rendered incorrect manually typed figures.
TRN-0745,789,18.6752,49.6918,31.0166,Locked Holdout,artifacts/regression/holdout_predictions.csv,9779505760875686,Target 18.6752 / Pred 49.6918,Target 18.6800 / Pred 49.8602,Target 18.6752 / Pred 49.6918,CP7 report matched raw artifact. CP7.1 report text rendered incorrect manually typed figures.
TRN-0612,231,36.1073,36.2626,0.1553,Development,artifacts/regression/oof_predictions.csv,c94058af2def2513,Target 36.1073 / Pred 36.2626,Target 36.1073 / Pred 36.2626,Target 36.1073 / Pred 36.2626,CP7 and CP7.1 matched within rounding tolerance. Row belongs to Development CV.
