,Applied_Voltage_kV,Load_Current_A,Ambient_Temperature_C,Test_Duration_min,Sensor_S1,Sensor_S2,Sensor_S3,Sensor_S4,Reference_Parameter
Applied_Voltage_kV,1.0,0.0462,-0.0035,-0.0477,0.8423,0.6664,0.9075,-0.0487,0.269
Load_Current_A,0.0462,1.0,0.0089,-0.0432,0.4037,0.6284,0.3145,-0.0167,0.867
Ambient_Temperature_C,-0.0035,0.0089,1.0,0.0326,0.0022,0.035,0.0052,0.0073,0.2059
Test_Duration_min,-0.0477,-0.0432,0.0326,1.0,-0.0185,0.0048,-0.0164,-0.0211,-0.0109
Sensor_S1,0.8423,0.4037,0.0022,-0.0185,1.0,0.7866,0.8675,-0.0322,0.5372
Sensor_S2,0.6664,0.6284,0.035,0.0048,0.7866,1.0,0.7705,-0.0259,0.7038
Sensor_S3,0.9075,0.3145,0.0052,-0.0164,0.8675,0.7705,1.0,-0.0677,0.4783
Sensor_S4,-0.0487,-0.0167,0.0073,-0.0211,-0.0322,-0.0259,-0.0677,1.0,0.0021
Reference_Parameter,0.269,0.867,0.2059,-0.0109,0.5372,0.7038,0.4783,0.0021,1.0
